srg,cnf
c_00001,
c_00002,
c_00003,
c_00004,
c_00005,
c_00006,
c_00007,
c_00008,
c_00009,
c_00010,
c_00011,
c_00012,
c_00013,
c_00014,
c_00015,
c_00016,
c_00017,
c_00018,
c_00019,
c_00020,
c_00021,
c_00022,
c_00023,
c_00024,
c_00025,
c_00026,
c_00027,
c_00028,
c_00029,
c_00030,
c_00031,
c_00032,
c_00033,
c_00034,
c_00035,
c_00036,
c_00037,
c_00038,
c_00039,
c_00040,
c_00041,
c_00042,
c_00043,
c_00044,
c_00045,
c_00046,
c_00047,
c_00048,
c_00049,
c_00050,
c_00051,
c_00052,
c_00053,
c_00054,
c_00055,
c_00056,
c_00057,
c_00058,
c_00059,
c_00060,
c_00061,
c_00062,
c_00063,
c_00064,
c_00065,
c_00066,
c_00067,
c_00068,
c_00069,
c_00070,
c_00071,
c_00072,
c_00073,
c_00074,
c_00075,
c_00076,
c_00077,
c_00078,
c_00079,
c_00080,
c_00081,
c_00082,
c_00083,
c_00084,
c_00085,
c_00086,
c_00087,
c_00088,
c_00089,
c_00090,
c_00091,
c_00092,
c_00093,
c_00094,
c_00095,
c_00096,
c_00097,
c_00098,
c_00099,
c_00100,
c_00101,
c_00102,
c_00103,
c_00104,
c_00105,
c_00106,
c_00107,
c_00108,
c_00109,
c_00110,
c_00111,
c_00112,
c_00113,
c_00114,
c_00115,
c_00116,
c_00117,
c_00118,
c_00119,
c_00120,
c_00121,
c_00122,
c_00123,
c_00124,
c_00125,
c_00126,
c_00127,
c_00128,
c_00129,
c_00130,
c_00131,
c_00132,
c_00133,
c_00134,
c_00135,
c_00136,
c_00137,
c_00138,
c_00139,
c_00140,
c_00141,
c_00142,
c_00143,
c_00144,
c_00145,
c_00146,
c_00147,
c_00148,
c_00149,
c_00150,
c_00151,
c_00152,
c_00153,
c_00154,
c_00155,
c_00156,
c_00157,
c_00158,
c_00159,
c_00160,
c_00161,
c_00162,
c_00163,
c_00164,
c_00165,
c_00166,
c_00167,
c_00168,
c_00169,
c_00170,
c_00171,
c_00172,
c_00173,
c_00174,
c_00175,
c_00176,
c_00177,
c_00178,
c_00179,
c_00180,
c_00181,
c_00182,
c_00183,
c_00184,
c_00185,
c_00186,
c_00187,
c_00188,
c_00189,
c_00190,
c_00191,
c_00192,
c_00193,
c_00194,
c_00195,
c_00196,
c_00197,
c_00198,
c_00199,
c_00200,
c_00201,
c_00202,
c_00203,
c_00204,
c_00205,
c_00206,
c_00207,
c_00208,
c_00209,
c_00210,
c_00211,
c_00212,
c_00213,
c_00214,
c_00215,
c_00216,
c_00217,
c_00218,
c_00219,
c_00220,
c_00221,
c_00222,
c_00223,
c_00224,
c_00225,
c_00226,
c_00227,
c_00228,
c_00229,
c_00230,
c_00231,
c_00232,
c_00233,
c_00234,
c_00235,
c_00236,
c_00237,
c_00238,
c_00239,
c_00240,
c_00241,
c_00242,
c_00243,
c_00244,
c_00245,
c_00246,
c_00247,
c_00248,
c_00249,
c_00250,
c_00251,
c_00252,
c_00253,
c_00254,
c_00255,
c_00256,
c_00257,
c_00258,
c_00259,
c_00260,
c_00261,
c_00262,
c_00263,
c_00264,
c_00265,
c_00266,
c_00267,
c_00268,
c_00269,
c_00270,
c_00271,
c_00272,
c_00273,
c_00274,
c_00275,
c_00276,
c_00277,
c_00278,
c_00279,
c_00280,
c_00281,
c_00282,
c_00283,
c_00284,
c_00285,
c_00286,
c_00287,
c_00288,
c_00289,
c_00290,
c_00291,
c_00292,
c_00293,
c_00294,
c_00295,
c_00296,
c_00297,
c_00298,
c_00299,
c_00300,
c_00301,
c_00302,
c_00303,
c_00304,
c_00305,
c_00306,
c_00307,
c_00308,
c_00309,
c_00310,
c_00311,
c_00312,
c_00313,
c_00314,
c_00315,
c_00316,
c_00317,
c_00318,
c_00319,
c_00320,
c_00321,
c_00322,
c_00323,
c_00324,
c_00325,
c_00326,
c_00327,
c_00328,
c_00329,
c_00330,
c_00331,
c_00332,
c_00333,
c_00334,
c_00335,
c_00336,
c_00337,
c_00338,
c_00339,
c_00340,
c_00341,
c_00342,
c_00343,
c_00344,
c_00345,
c_00346,
c_00347,
c_00348,
c_00349,
c_00350,
c_00351,
c_00352,
c_00353,
c_00354,
c_00355,
c_00356,
c_00357,
c_00358,
c_00359,
c_00360,
c_00361,
c_00362,
c_00363,
c_00364,
c_00365,
c_00366,
c_00367,
c_00368,
c_00369,
c_00370,
c_00371,
c_00372,
c_00373,
c_00374,
c_00375,
c_00376,
c_00377,
c_00378,
c_00379,
c_00380,
c_00381,
c_00382,
c_00383,
c_00384,
c_00385,
c_00386,
c_00387,
c_00388,
c_00389,
c_00390,
c_00391,
c_00392,
c_00393,
c_00394,
c_00395,
c_00396,
c_00397,
c_00398,
c_00399,
c_00400,
c_00401,
c_00402,
c_00403,
c_00404,
c_00405,
c_00406,
c_00407,
c_00408,
c_00409,
c_00410,
c_00411,
c_00412,
c_00413,
c_00414,
c_00415,
c_00416,
c_00417,
c_00418,
c_00419,
c_00420,
c_00421,
c_00422,
c_00423,
c_00424,
c_00425,
c_00426,
c_00427,
c_00428,
c_00429,
c_00430,
c_00431,
c_00432,
c_00433,
c_00434,
c_00435,
c_00436,
c_00437,
c_00438,
c_00439,
c_00440,
c_00441,
c_00442,
c_00443,
c_00444,
c_00445,
c_00446,
c_00447,
c_00448,
c_00449,
c_00450,
c_00451,
c_00452,
c_00453,
c_00454,
c_00455,
c_00456,
c_00457,
c_00458,
