srg,mcp
field_1000_j,editLine
field_1002_h,entitySign
field_1003_b,mc
field_1004_a,field_1004_a
field_1005_e,field_1005_e
field_1006_d,field_1006_d
field_1007_c,currentlyDisplayedText
field_1008_b,y
field_1009_a,x
field_1010_d,updateTime
field_1011_c,z
field_1012_M,entitiesWithinAABBExcludingEntity
field_1016_I,nbtCompoundPlayer
field_1017_H,chunkProvider
field_1019_F,cloudColour
field_1024_A,unloadedEntityList
field_1026_y,isRemote
field_1029_v,sizeOnDisk
field_1030_u,randomSeed
field_1033_r,isNewWorld
field_1034_q,spawnZ
field_1036_o,spawnX
field_1037_n,rand
field_1039_l,difficultySetting
field_1040_k,playerEntities
field_1043_h,editingBlocks
field_1046_e,skylightSubtracted
field_1048_c,worldTime
field_1049_b,loadedTileEntityList
field_1050_a,loadedEntityList
field_1051_z,lightingToUpdate
field_1052_A,sendQueue
field_1053_F,entitySpawnQueue
field_1054_E,lockTimestamp
field_1055_D,entityHashSet
field_1056_C,scheduledTickSet
field_1057_z,blocksToReceive
field_1058_B,scheduledTickTreeSet
field_1059_b,chunkZ
field_1060_a,chunkX
field_1061_d,worldObj
field_1062_c,chunkArray
field_1063_a,netManager
field_1064_b,isInTestMode
field_1065_a,mc
field_1068_i,blockHitWait
field_1069_h,blockDestroySoundCounter
field_1070_g,prevBlockDamage
field_1071_f,curBlockDamage
field_1072_e,curBlockZ
field_1073_d,curBlockY
field_1074_c,curBlockX
field_1075_l,currentPlayerItem
field_1080_g,prevBlockDamageMP
field_1085_a,netManager
field_1086_a,netManager
field_1087_a,name
field_1088_a,data
field_1089_a,data
field_1090_b,tagType
field_1091_a,tagList
field_1092_a,data
field_1093_a,data
field_1094_a,tagMap
field_1095_a,data
field_1096_a,byteArray
field_1097_a,data
field_1098_a,data
field_1099_b,recipeItems
field_1100_a,recipePatterns
field_1101_b,hostName
field_1102_a,mc
field_1103_d,connectingGui
field_1104_c,port
field_1105_b,valueEntry
field_1106_a,hashEntry
field_1107_d,slotHash
field_1108_c,nextEntry
field_1109_a,data
field_1110_b,y
field_1111_a,x
field_1112_c,z
field_1113_b,deltaY
field_1114_a,deltaX
field_1115_e,field_1115_e
field_1116_d,cursor
field_1117_c,windowComponent
field_1118_b,inventory
field_1119_a,slotIndex
field_1120_f,yPos
field_1121_e,xPos
field_1122_c,guiHandler
field_1123_d,parent
field_1124_c,armorType
field_1125_c,craftMatrix
field_1126_b,iconIndex
field_1127_a,imageData
field_1128_f,tileImage
field_1129_e,tileSize
field_1130_d,textureId
field_1131_c,anaglyphEnabled
field_1132_h,field_1132_h
field_1133_g,field_1133_g
field_1134_k,tickCounter
field_1135_j,field_1135_j
field_1136_i,field_1136_i
field_1137_h,field_1137_h
field_1138_g,field_1138_g
field_1139_k,field_1139_k
field_1140_j,field_1140_j
field_1141_i,field_1141_i
field_1142_h,field_1142_h
field_1143_g,field_1143_g
field_1144_j,field_1144_j
field_1145_i,field_1145_i
field_1146_h,field_1146_h
field_1147_g,field_1147_g
field_1154_k,tickCounter
field_1155_j,alpha
field_1156_i,blue
field_1157_h,green
field_1158_g,red
field_1159_b,worldObj
field_1160_a,rail
field_1161_g,connectedTracks
field_1162_f,trackMetadata
field_1163_e,trackZ
field_1164_d,trackY
field_1165_c,trackX
field_1166_b,blockX
field_1167_a,typeOfHit
field_1168_g,entityHit
field_1169_f,hitVec
field_1170_e,sideHit
field_1171_d,blockZ
field_1172_c,blockY
field_1173_b,moveForward
field_1174_a,moveStrafe
field_1175_e,sneak
field_1176_d,jump
field_1177_c,field_1177_c
field_1178_g,gameSettings
field_1179_f,movementKeyStates
field_1180_b,pixels
field_1181_a,texCols
field_1182_g,textures
field_1183_f,yBuf
field_1184_e,waterBr
field_1185_d,waterBuf
field_1186_c,zBuf
field_1187_b,yCoord
field_1188_a,xCoord
field_1189_d,permutations
field_1190_c,zCoord
field_1191_b,octaves
field_1192_a,generatorCollection
field_1193_a,osValues
field_1194_b,nVertices
field_1195_a,vertexPositions
field_1196_c,invertNormal
field_1197_a,isoCanvas
field_1198_a,recipeItems
field_1199_b,createIfNecessary
field_1200_a,saveDir
field_1201_b,posY
field_1202_a,posX
field_1203_g,worldClient
field_1204_f,metadata
field_1205_e,blockID
field_1206_d,acceptCountdown
field_1207_c,posZ
field_1208_b,rand
field_1209_a,field_1209_a
field_1210_g,doneLoadingTerrain
field_1211_f,worldClient
field_1212_e,mc
field_1213_d,netManager
field_1214_c,disconnected
field_1215_b,buffer
field_1216_a,location
field_1217_c,imageData
field_1218_p,fontRenderer
field_1220_n,viewerPosZ
field_1221_m,viewerPosY
field_1222_l,viewerPosX
field_1223_k,options
field_12235_b,explosionY
field_12236_a,explosionX
field_12237_e,destroyedBlockPositions
field_12238_d,explosionSize
field_12239_c,explosionZ
field_1224_j,playerViewX
field_12240_bw,field_12240_bw
field_12241_e,field_12241_e
field_12242_bI,timeSinceMoved
field_12249_i,worldObj
field_1225_i,playerViewY
field_12250_h,explosionRNG
field_12251_g,destroyedBlockPositions
field_12252_f,explosionSize
field_12253_e,exploder
field_12254_d,explosionZ
field_12255_c,explosionY
field_12256_b,explosionX
field_12257_a,isFlaming
field_12258_e,networkSocket
field_12259_z,lastServer
field_1226_h,field_1226_h
field_1227_g,worldObj
field_1229_e,renderEngine
field_1230_d,renderPosZ
field_1231_c,renderPosY
field_1232_b,renderPosX
field_1233_a,instance
field_1234_i,field_1234_i
field_1235_h,field_1235_h
field_1236_g,field_1236_g
field_1237_f,field_1237_f
field_1238_e,field_1238_e
field_1239_d,field_1239_d
field_1240_c,field_1240_c
field_1241_b,field_1241_b
field_1242_a,field_1242_a
field_1243_l,isRiding
field_1244_k,onGround
field_1245_m,spiderLeg8
field_1246_j,spiderLeg7
field_1247_i,spiderLeg6
field_1248_h,spiderLeg5
field_1249_g,spiderLeg4
field_1250_f,spiderLeg3
field_1251_e,spiderLeg2
field_1252_d,spiderLeg1
field_1253_c,spiderBody
field_1254_b,spiderNeck
field_1255_a,spiderHead
field_1256_a,sideModels
field_1257_b,slimeRightEye
field_1258_a,slimeBodies
field_1259_d,slimeMouth
field_1260_c,slimeLeftEye
field_1261_i,leg4
field_1262_h,leg3
field_1263_g,leg2
field_1264_f,leg1
field_1265_e,body
field_1266_d,head
field_1267_b,horn1
field_1268_a,udders
field_1269_c,horn2
field_1270_b,unusedCreeperHeadwear
field_1271_a,head
field_1272_g,leg4
field_1273_f,leg3
field_1274_e,leg2
field_1275_d,leg1
field_1276_c,body
field_1277_j,isSneak
field_1278_i,heldItemRight
field_1279_h,heldItemLeft
field_1280_g,bipedLeftLeg
field_1281_f,bipedRightLeg
field_1282_e,bipedLeftArm
field_1283_d,bipedRightArm
field_1284_c,bipedBody
field_1285_b,bipedHeadwear
field_1286_a,bipedHead
field_1287_a,boatSides
field_1288_b,body
field_1289_a,head
field_1290_h,chin
field_1291_g,bill
field_1292_f,leftWing
field_1293_e,rightWing
field_1294_d,leftLeg
field_1295_c,rightLeg
field_1296_b,updateCounter
field_1297_a,message
field_1298_b,field_1298_b
field_1299_a,field_1299_a
field_1300_g,field_1300_g
field_1301_f,field_1301_f
field_1302_e,field_1302_e
field_1303_d,field_1303_d
field_1304_c,field_1304_c
field_1305_b,rand
field_1306_a,range
field_1307_b,charWidth
field_1308_a,fontTextureName
field_1309_d,buffer
field_1310_c,fontDisplayLists
field_1311_b,field_1311_b
field_1312_a,field_1312_a
field_1313_d,mainMenu
field_1314_c,field_1314_c
field_1316_v,clay
field_1317_u,cactus
field_1318_t,craftedSnow
field_1319_s,snow
field_1320_r,ice
field_1322_p,tnt
field_1324_n,circuits
field_1325_m,sand
field_1326_l,fire
field_1328_j,sponge
field_1329_i,plants
field_1331_g,lava
field_1332_f,water
field_1333_e,iron
field_1334_d,rock
field_1335_c,wood
field_1336_b,ground
field_1337_a,air
field_1340_d,allMobTypes
field_1342_b,imageWidth
field_1343_a,imageData
field_1344_c,imageHeight
field_1345_b,signStick
field_1346_a,signBoard
field_1347_b,level
field_1348_a,image
field_1349_h,addedToRenderQueue
field_1350_g,lastVisible
field_1351_f,noContent
field_1352_e,rendered
field_1353_d,y
field_1354_c,x
field_1356_a,mc
field_1357_e,renderBlocksInstance
field_1360_b,yCoord
field_1361_a,xCoord
field_1362_g,tickEntryID
field_1363_f,nextTickEntryID
field_1364_e,scheduledTime
field_1365_d,blockID
field_1366_c,zCoord
field_1367_b,scaledWidth
field_1368_a,scaleFactor
field_1369_c,scaledHeight
field_1370_b,keyCode
field_1371_a,keyDescription
field_1372_i,timeSyncAdjustment
field_1373_h,lastSyncHRClock
field_1374_g,lastSyncSysClock
field_1375_f,lastHRTime
field_1376_e,elapsedPartialTicks
field_1377_d,timerSpeed
field_1378_c,renderPartialTicks
field_1379_b,elapsedTicks
field_1380_a,ticksPerSecond
field_1381_o,fogColor1
field_1382_n,fogColor2
field_1383_m,random
field_1384_l,prevFrameTime
field_1385_k,pointedEntity
field_1386_j,rendererUpdateCount
field_1387_i,farPlaneDistance
field_1388_h,mc
field_1392_d,fogColorBuffer
field_1393_c,unusedVolatile1
field_1394_b,unusedVolatile0
field_1395_a,itemRenderer
field_1396_o,displayList
field_1397_n,compiled
field_1398_m,textureOffsetY
field_1399_l,textureOffsetX
field_1400_k,faces
field_1401_j,corners
field_1402_i,isHidden
field_1403_h,showModel
field_1404_g,mirror
field_1405_f,rotateAngleZ
field_1406_e,rotateAngleY
field_1407_d,rotateAngleX
field_1408_c,rotationPointZ
field_1409_b,rotationPointY
field_1410_a,rotationPointX
field_1412_b,entityHashMap
field_1413_b,modelSign
field_1414_S,allRenderLists
field_1415_R,glRenderLists
field_1416_Q,renderersSkippingRenderPass
field_1417_P,renderersBeingRendered
field_1418_O,renderersBeingOccluded
field_1419_N,renderersBeingClipped
field_1420_M,renderersLoaded
field_1421_L,countEntitiesHidden
field_1422_K,countEntitiesRendered
field_1423_J,countEntitiesTotal
field_1424_I,renderEntitiesStartupCounter
field_1425_H,renderDistance
field_1426_G,maxBlockZ
field_1427_F,maxBlockY
field_1428_E,maxBlockX
field_1429_D,minBlockZ
field_1430_C,minBlockY
field_1431_B,minBlockX
field_1432_A,glSkyList2
field_1433_z,glSkyList
field_1434_y,starGLCallList
field_1435_x,cloudTickCounter
field_1436_w,occlusionEnabled
field_1437_v,glOcclusionQueryBase
field_1438_u,globalRenderBlocks
field_1439_t,mc
field_1440_s,glRenderListBase
field_1441_r,renderChunksDeep
field_1442_q,renderChunksTall
field_1443_p,renderChunksWide
field_1444_o,worldRenderers
field_1445_n,sortedWorldRenderers
field_1446_m,worldRenderersToUpdate
field_1447_l,renderEngine
field_1448_k,worldObj
field_1449_j,frustumCheckOffset
field_1450_i,damagePartialTime
field_1451_h,prevSortZ
field_1452_g,prevSortY
field_1453_f,prevSortX
field_1454_e,glDummyList
field_1455_d,dummyInt0
field_1456_c,occlusionResult
field_1457_b,dummyBuf50k
field_1458_a,tileEntities
field_1459_t,chunkDataSendCounter
field_1460_s,sendQueueByteLength
field_1461_r,timeSinceLastRead
field_1462_q,terminationReason
field_1463_p,isTerminating
field_1464_o,readThread
field_1465_n,writeThread
field_1466_m,isServerTerminating
field_1467_l,netHandler
field_1468_k,chunkDataPackets
field_1469_j,dataPackets
field_1470_i,readPackets
field_1471_h,isRunning
field_1472_g,socketOutputStream
field_1473_f,socketInputStream
field_1474_e,remoteSocketAddress
field_1475_d,sendQueueLock
field_1476_c,numWriteThreads
field_1477_b,numReadThreads
field_1478_a,threadSyncObject
field_1485_z,vboIndex
field_1486_y,vertexBuffers
field_1487_x,useVBO
field_1488_w,isDrawing
field_1489_v,normal
field_1490_u,zOffset
field_1491_t,yOffset
field_1492_s,xOffset
field_1493_r,drawMode
field_1494_B,bufferSize
field_1495_q,isColorDisabled
field_1496_A,vboCount
field_1497_p,addedVertices
field_1498_o,rawBufferIndex
field_1499_n,hasNormals
field_1500_m,hasTexture
field_1501_l,hasColor
field_1502_k,color
field_1503_j,textureV
field_1504_i,textureU
field_1505_h,vertexCount
field_1506_g,rawBuffer
field_1507_f,floatBuffer
field_1508_e,intBuffer
field_1509_d,byteBuffer
field_1510_c,tryVBO
field_1511_b,convertQuadsToTriangles
field_1512_a,instance
field_1513_b,codec
field_1514_a,buffer
field_1515_d,inputStream
field_1516_c,hash
field_1517_b,field_1517_b
field_1518_a,field_1518_a
field_1522_s,lastSaveTime
field_1523_r,hasEntities
field_15231_a,field_15231_a
field_15235_a,blockIndex
field_1524_q,field_1524_q
field_1525_p,neverSave
field_1526_o,isModified
field_1527_n,isTerrainPopulated
field_1528_m,entities
field_1529_l,chunkTileEntityMap
field_1530_k,zPosition
field_1531_j,xPosition
field_1532_i,lowestBlockHeight
field_1533_h,heightMap
field_1534_g,blocklightMap
field_1535_f,skylightMap
field_1536_e,data
field_1537_d,worldObj
field_1538_c,isChunkLoaded
field_1539_b,blocks
field_1540_a,isLit
field_1541_n,fontRenderer
field_1543_l,playerZ
field_1544_k,playerY
field_1545_j,playerX
field_1546_i,playerPitch
field_1547_h,playerYaw
field_1548_g,entityPlayer
field_1549_f,worldObj
field_1550_e,renderEngine
field_1551_d,staticPlayerZ
field_1552_c,staticPlayerY
field_1553_b,staticPlayerX
field_1554_a,instance
field_1555_b,count
field_1556_a,pathPoints
field_1557_a,craftingManager
field_1558_z,DIFFICULTY_LEVELS
field_1559_y,RENDER_DISTANCES
field_1560_x,thirdPersonView
field_1561_w,difficulty
field_1562_v,numberOfOptions
field_1563_u,mc
field_1564_t,keyBindings
field_1565_s,keyBindSneak
field_1570_o,keyBindInventory
field_1571_n,keyBindJump
field_1572_m,keyBindRight
field_1573_l,keyBindBack
field_1574_k,keyBindLeft
field_1575_j,keyBindForward
field_1576_i,fancyGraphics
field_1577_h,limitFramerate
field_1578_g,anaglyph
field_1579_f,viewBobbing
field_1580_e,renderDistance
field_1581_d,invertMouse
field_1582_c,mouseSensitivity
field_1583_b,soundVolume
field_1584_a,musicVolume
field_1585_a,enumOSMappingArray
field_1586_b,mcThread
field_1587_a,mc
field_1588_a,mc
field_1589_b,count
field_1590_a,slots
field_1591_e,versionStamp
field_1592_d,growFactor
field_1593_c,threshold
field_1594_a,entityForSorting
field_1602_h,options
field_1603_g,urlToImageDataMap
field_1604_f,textureList
field_1605_e,imageData
field_1606_d,singleIntBuffer
field_1607_c,textureNameToImageMap
field_1609_a,useMipmaps
field_1610_b,classToStringMapping
field_1611_a,stringToClassMapping
field_1612_d,classToIDMapping
field_1613_c,IDtoClassMapping
field_1614_b,animationsToGo
field_1615_a,stackSize
field_1616_d,itemDamage
field_1617_c,itemID
field_1618_c,windowId
field_1619_b,craftResult
field_1620_a,craftMatrix
field_1621_b,craftResult
field_1622_a,craftMatrix
field_1623_z,sizeX
field_1624_y,title
field_1630_D,allArt
field_1632_C,offsetY
field_1634_B,offsetX
field_1636_A,sizeY
field_1653_a,SIN_TABLE
field_1654_b,texturePositionX
field_1655_a,vector3D
field_1656_c,texturePositionY
field_1657_b,isGetRandomSound
field_1658_a,numberOfSoundPoolEntries
field_1659_e,allSoundPoolEntries
field_1660_d,nameToSoundPoolEntriesMapping
field_1661_c,rand
field_1662_b,recipes
field_1664_b,recipeItems
field_1665_a,recipePatterns
field_1666_b,username
field_1667_a,registeredBlocksList
field_1670_b,textureNames
field_1671_a,displayLists
field_1672_a,logo
field_1673_b,path
field_1674_a,worldMap
field_1675_d,pathOptions
field_1676_c,pointMap
field_1677_b,stepSoundVolume
field_1678_a,stepSoundName
field_1679_c,stepSoundPitch
field_1680_b,recipeItems
field_1681_a,recipePatterns
field_1687_b,projectionMatrix
field_1688_a,frustum
field_1689_d,clippingMatrix
field_1690_c,modelviewMatrix
field_1691_h,field_1691_h
field_1692_g,modelviewMatrixBuffer
field_1693_f,projectionMatrixBuffer
field_1694_e,instance
field_1695_a,colorBuffer
field_1696_a,mcApplet
field_1697_b,minY
field_1698_a,minX
field_1699_h,numBoundingBoxesInUse
field_1700_g,boundingBoxes
field_1701_f,maxZ
field_1702_e,maxY
field_1703_d,maxX
field_1704_c,minZ
field_1705_b,referenceCount
field_1706_a,image
field_1707_d,textureSetupComplete
field_1708_c,textureName
field_1709_j,isFirst
field_1710_i,previous
field_1711_h,distanceToTarget
field_1712_g,distanceToNext
field_1713_f,totalPathDistance
field_1714_e,index
field_1715_d,hash
field_1716_c,zCoord
field_1717_b,yCoord
field_1718_a,xCoord
field_1721_d,allSkyBlocks
field_1722_c,defaultLightValue
field_1723_b,width
field_1724_a,resultId
field_1725_e,resultStack
field_1726_d,ingredientMap
field_1727_c,height
field_1728_b,fxLayers
field_1729_a,worldObj
field_1730_d,rand
field_1731_c,renderer
field_1732_z,glOcclusionQuery
field_1733_y,isWaitingOnOcclusionQuery
field_1734_x,isVisible
field_1735_w,chunkIndex
field_1736_v,rendererBoundingBox
field_1737_F,tileEntities
field_1738_u,needsUpdate
field_1739_E,isInitialized
field_1740_t,rendererRadius
field_1741_s,posZPlus
field_1742_D,tessellator
field_1743_r,posYPlus
field_1744_C,glRenderList
field_1745_B,tileEntityRenderers
field_1746_q,posXPlus
field_1747_A,isChunkLit
field_1748_p,skipRenderPass
field_1749_o,isInFrustum
field_1750_n,posZClip
field_1751_m,posYClip
field_1752_l,posXClip
field_1753_k,posZMinus
field_1754_j,posYMinus
field_1755_i,posXMinus
field_1756_h,sizeDepth
field_1757_g,sizeHeight
field_1758_f,sizeWidth
field_1759_e,posZ
field_1760_d,posY
field_1761_c,posX
field_1762_b,chunksUpdated
field_1763_a,worldObj
field_1764_b,points
field_1765_a,pathLength
field_1766_c,pathIndex
field_1767_b,mc
field_1768_a,resourcesFolder
field_1769_c,closing
field_1770_a,tryCheckOcclusionCapable
field_1771_b,overrideBlockTexture
field_1772_a,blockAccess
field_1773_d,renderAllFaces
field_1774_c,flipTexture
field_1775_b,yCoord
field_1776_a,xCoord
field_1777_e,nextVector
field_1778_d,vectorList
field_1779_c,zCoord
field_1780_b,soundUrl
field_1781_a,soundName
field_1782_l,yPosition
field_1783_k,xPosition
field_1784_j,field_1784_j
field_1785_i,field_1785_i
field_1786_h,zoneMap
field_1787_g,zonesToRender
field_1788_f,running
field_1789_e,workDir
field_1790_d,level
field_1791_c,showHelp
field_1792_b,zoom
field_1793_a,currentRender
field_185_a,fullscreen
field_186_a,mainFrame
field_188_b,chunkZPos
field_189_a,chunkXPos
field_191_a,renderManager
field_194_c,shadowOpaque
field_195_d,modelBase
field_196_d,blockRenderer
field_197_d,sandRenderBlocks
field_198_d,modelBoat
field_199_d,rand
field_200_e,random
field_201_d,itemRenderBlocks
field_203_d,renderBlocks
field_204_f,scale
field_205_f,scaleAmount
field_206_i,armorFilenamePrefix
field_207_h,modelArmor
field_208_g,modelArmorChestplate
field_209_f,modelBipedMain
field_20900_b,waypointX
field_20901_a,courseChangeCooldown
field_20902_c,waypointY
field_20910_a,minecartCurrentDamage
field_20911_b,minecartTimeSinceHit
field_20912_c,minecartRockDirection
field_20913_d,minecartType
field_20914_E,entityList
field_20915_C,clientChunkProvider
field_20916_A,theCanvasIsoPreview
field_20919_a,mcFrame
field_20920_e,mainModel
field_20923_e,particleAge
field_20924_a,field_20924_a
field_20925_a,modelMinecart
field_20928_D,chunkModified
field_210_z,pickaxeDiamond
field_211_y,shovelDiamond
field_212_x,swordDiamond
field_213_w,axeStone
field_214_v,pickaxeStone
field_215_u,shovelStone
field_216_t,swordStone
field_217_s,axeWood
field_218_r,pickaxeWood
field_219_q,shovelWood
field_220_p,swordWood
field_221_o,swordIron
field_222_n,ingotGold
field_223_m,ingotIron
field_224_l,diamond
field_225_k,coal
field_226_j,arrow
field_227_i,bow
field_228_h,appleRed
field_230_f,axeIron
field_231_e,pickaxeIron
field_232_d,shovelIron
field_233_c,itemsList
field_235_Z,legsChain
field_236_Y,plateChain
field_237_X,helmetChain
field_238_W,bootsLeather
field_239_V,legsLeather
field_240_U,plateLeather
field_241_T,helmetLeather
field_242_S,bread
field_243_R,wheat
field_244_Q,seeds
field_245_P,hoeGold
field_246_O,hoeDiamond
field_247_N,hoeIron
field_248_M,hoeStone
field_249_L,hoeWood
field_250_K,gunpowder
field_251_J,feather
field_252_az,doorIron
field_253_I,silk
field_254_ay,saddle
field_255_H,axeGold
field_256_ax,minecartEmpty
field_257_G,pickaxeGold
field_258_aw,bucketLava
field_259_F,shovelGold
field_261_E,swordGold
field_262_au,bucketEmpty
field_263_D,bowlSoup
field_264_C,bowlEmpty
field_265_at,doorWood
field_266_B,stick
field_267_as,sign
field_268_A,axeDiamond
field_269_ar,appleGold
field_270_aq,painting
field_272_ao,porkRaw
field_273_an,flint
field_274_am,bootsGold
field_275_al,legsGold
field_276_ak,plateGold
field_277_aj,helmetGold
field_278_ai,bootsDiamond
field_279_ah,legsDiamond
field_280_ag,plateDiamond
field_281_af,helmetDiamond
field_282_ae,bootsIron
field_283_ad,legsIron
field_284_ac,plateIron
field_285_ab,helmetIron
field_286_aa,bootsChain
field_287_aW,bFull3D
field_289_aU,maxDamage
field_290_aT,maxStackSize
field_291_aS,itemID
field_293_aQ,record13
field_296_aN,egg
field_299_aK,slimeBall
field_302_aH,reed
field_303_aG,clay
field_305_aE,bucketMilk
field_306_aD,leather
field_308_aB,snowball
field_309_aA,redstone
field_310_a,armorLevel
field_311_aZ,renderIndex
field_312_aY,damageReduceAmount
field_313_aX,armorType
field_314_bb,maxDamageArray
field_315_ba,damageReduceAmountArray
field_316_a,recordName
field_317_a,minecartType
field_318_a,blockType
field_319_a,weaponDamage
field_320_a,spawnID
field_321_a,doorMaterial
field_322_a,ingredientQuality
field_323_aZ,damageVsEntity
field_324_aY,efficiencyOnProperMaterial
field_325_aX,blocksEffectiveAgainst
field_326_aX,blocksEffectiveAgainst
field_327_aX,blocksEffectiveAgainst
field_328_aY,field_328_aY
field_329_aX,blocksEffectiveAgainst
field_330_a,blockID
field_331_a,isFull
field_332_a,healAmount
field_333_z,sapling
field_334_y,planks
field_335_x,cobblestone
field_336_w,dirt
field_337_v,grass
field_338_u,stone
field_339_t,lightValue
field_340_s,canBlockGrass
field_341_r,lightOpacity
field_342_q,isBlockContainer
field_343_p,opaqueCubeLookup
field_344_o,tickOnLoad
field_345_n,blocksList
field_354_e,soundPowderFootstep
field_355_bo,slipperiness
field_356_bn,blockMaterial
field_357_bm,blockParticleGravity
field_358_bl,stepSound
field_360_bk,maxZ
field_362_bj,maxY
field_364_bi,maxX
field_366_bh,minZ
field_368_bg,minY
field_370_bf,minX
field_372_be,blockResistance
field_374_bd,blockHardness
field_376_bc,blockID
field_378_bb,blockIndexInTexture
field_382_N,glass
field_383_M,sponge
field_384_L,leaves
field_385_K,wood
field_386_J,oreCoal
field_387_az,workbench
field_388_I,oreIron
field_389_ay,blockDiamond
field_390_H,oreGold
field_391_ax,oreDiamond
field_392_G,gravel
field_393_F,sand
field_394_aw,redstoneWire
field_395_E,lavaStill
field_396_av,chest
field_397_D,lavaMoving
field_399_C,waterStill
field_400_at,mobSpawner
field_401_B,waterMoving
field_4013_a,modelBipedMain
field_4014_g,flintAndSteel
field_4015_b,itemRand
field_4016_av,bucketWater
field_4017_ap,porkCooked
field_4018_aZ,iconIndex
field_4019_aV,recordCat
field_402_as,fire
field_4020_aT,fishCooked
field_4021_aS,fishRaw
field_4022_aR,glowstone
field_4023_aQ,pocketSundial
field_4024_aP,fishingRod
field_4025_aO,compass
field_4026_aM,minecartPowered
field_4027_aL,minecartCrate
field_4028_aJ,book
field_4029_aI,paper
field_403_A,bedrock
field_4030_aF,brick
field_4031_aC,boat
field_404_ar,torchWood
field_4045_bg,pumpkinLantern
field_4047_bf,portal
field_4049_be,glowStone
field_405_aq,obsidian
field_4051_bd,slowSand
field_4053_bc,netherrack
field_4055_bb,pumpkin
field_4057_ba,fence
field_4059_au,stairsWoodOak
field_406_ap,cobblestoneMossy
field_4063_aU,ice
field_4064_aS,stoneButton
field_4065_aN,pressurePlatePlanks
field_4066_aL,pressurePlateStone
field_4067_aK,lever
field_4068_aJ,signWall
field_4069_aI,stairsCobblestone
field_407_ao,bookShelf
field_4072_a,blockType
field_4073_e,dimension
field_4074_d,mapSeed
field_408_an,tnt
field_4082_a,blockInstance
field_4083_a,portalParticleScale
field_4084_r,portalPosZ
field_4085_q,portalPosY
field_4086_p,portalPosX
field_4088_k,ticksCatchable
field_4089_j,ticksInAir
field_409_am,brick
field_4090_i,ticksInGround
field_4091_h,inGround
field_4092_g,inTile
field_4093_f,zTile
field_4094_e,yTile
field_4095_d,xTile
field_4096_c,bobber
field_4097_b,angler
field_4098_a,shake
field_410_al,stairSingle
field_411_ak,stairDouble
field_4116_b,randomSoundDelay
field_4117_a,angerLevel
field_4118_c,defaultHeldItem
field_4119_a,defaultHeldItem
field_412_aj,blockIron
field_4120_b,currentTarget
field_4121_a,livingSoundTime
field_4122_h,aggroCooldown
field_4123_g,targetedEntity
field_4124_f,attackCounter
field_4125_e,prevAttackCounter
field_4126_d,waypointZ
field_4127_c,numTicksToChaseTarget
field_4128_n,fishEntity
field_4129_m,dimension
field_413_ai,blockGold
field_4133_d,prevTimeInPortal
field_4134_c,timeInPortal
field_414_ah,mushroomRed
field_415_ag,mushroomBrown
field_4157_a,liquidBlockId
field_4158_a,hellLavaID
field_4159_s,netherCaveGenerator
field_416_af,plantRed
field_4160_r,netherrackExclusivityNoise
field_4161_q,gravelNoise
field_4162_p,slowsandNoise
field_4163_o,noiseField
field_4164_n,worldObj
field_4165_m,netherrackExculsivityNoiseGen
field_4166_l,slowsandGravelNoiseGen
field_4167_k,netherNoiseGen3
field_4168_j,netherNoiseGen2
field_4169_i,netherNoiseGen1
field_417_ae,plantYellow
field_4170_h,hellRNG
field_4171_g,noiseData5
field_4172_f,noiseData4
field_4173_e,noiseData3
field_4174_d,noiseData2
field_4175_c,noiseData1
field_4176_b,netherNoiseGen7
field_4177_a,netherNoiseGen6
field_4178_w,generatedTemperatures
field_4179_v,biomesForGeneration
field_4180_q,noiseArray
field_4181_h,noise6
field_4182_g,noise5
field_4183_f,noise2
field_4184_e,noise1
field_4185_d,noise3
field_4187_a,minecraftLogo
field_4189_i,updateCounter
field_419_ac,cloth
field_4192_g,field_4192_g
field_4193_f,field_4193_f
field_4194_e,field_4194_e
field_4195_d,field_4195_d
field_4196_c,field_4196_c
field_4197_b,humidity
field_4198_a,temperature
field_4199_g,rainfall
field_4200_f,hellTemperature
field_4201_e,biomeToUse
field_4204_J,lightingUpdatesCounter
field_4209_q,provider
field_4210_n,spawnY
field_4214_a,scheduledUpdatesAreImmediate
field_4215_b,worldChunkMgr
field_4216_a,worldObj
field_4217_f,colorsSunriseSunset
field_4218_e,dimensionId
field_4219_d,lightBrightnessTable
field_422_aZ,jukebox
field_4220_c,isNether
field_4221_k,field_4221_k
field_4222_j,field_4222_j
field_4223_i,dialImageData
field_4224_h,watchIconImageData
field_4225_g,mc
field_4226_h,portalTextureData
field_4227_g,portalTickCounter
field_4228_j,field_4228_j
field_4229_i,field_4229_i
field_423_aY,reed
field_4230_h,compassIconImageData
field_4231_g,mc
field_4232_a,random
field_4233_b,field_4233_b
field_4234_a,field_4234_a
field_4236_f,itemRenderer
field_4237_t,biomeLookupTable
field_4238_s,biomeCreatures
field_4239_r,biomeMonsters
field_424_aX,blockClay
field_4241_p,fillerBlock
field_4242_o,topBlock
field_4245_l,hell
field_4246_k,tundra
field_4247_j,iceDesert
field_4248_i,plains
field_4249_h,desert
field_425_aW,cactus
field_4250_g,taiga
field_4251_f,shrubland
field_4252_e,savanna
field_4253_d,forest
field_4254_c,seasonalForest
field_4255_b,swampland
field_4256_a,rainforest
field_4257_b,tentacles
field_4258_a,body
field_4259_y,canBurn
field_426_aV,blockSnow
field_4260_x,portal
field_4261_w,pumpkin
field_4262_q,coral
field_4263_o,glass
field_4264_k,cloth
field_4265_h,leaves
field_4268_g,fogColorBlue
field_4269_f,fogColorGreen
field_4270_e,fogColorRed
field_4274_a,baseEntity
field_4277_d,maxNumberOfCreature
field_4278_c,creatureClass
field_428_aT,snow
field_4280_j,blurTexture
field_4281_i,clampTexture
field_4286_b,buffer
field_4287_a,dateFormat
field_4288_d,imageData
field_4289_c,pixelData
field_4291_b,field_4291_b
field_4292_a,field_4292_a
field_4293_g,field_4293_g
field_4294_f,field_4294_f
field_4295_e,field_4295_e
field_4296_d,field_4296_d
field_4297_c,field_4297_c
field_430_aR,torchRedstoneActive
field_431_aQ,torchRedstoneIdle
field_432_aP,oreRedstoneGlowing
field_433_aO,oreRedstone
field_435_aM,doorIron
field_440_aH,rail
field_441_aG,ladder
field_442_aF,doorWood
field_443_aE,signPost
field_444_aD,furnaceBurning
field_445_aC,furnaceIdle
field_446_aB,tilledField
field_447_aA,crops
field_448_b,abilityToCatchFire
field_449_a,chanceToEncourageFire
field_450_b,torchUpdates
field_451_a,torchActive
field_452_a,modelBlock
field_453_a,wiresProvidePower
field_454_b,isFreestanding
field_455_a,signEntityClass
field_456_a,isActive
field_457_a,random
field_459_b,isOptimalFlowDirection
field_460_a,numAdjacentSources
field_461_c,flowCost
field_463_b,baseIndexInPNG
field_464_c,field_464_c
field_466_a,fallInstantly
field_467_a,triggerMobType
field_468_a,glowing
field_469_a,blockType
field_470_b,packetClassToIdMap
field_471_a,packetIdToClassMap
field_472_j,isChunkDataPacket
field_473_b,yPosition
field_474_a,xPosition
field_475_e,entityNBT
field_476_d,entityData
field_477_c,zPosition
field_478_b,zPosition
field_479_a,xPosition
field_480_f,size
field_481_e,metadataArray
field_482_d,typeArray
field_483_c,coordinateArray
field_484_b,xPosition
field_485_a,entityId
field_486_g,rotating
field_487_f,pitch
field_488_e,yaw
field_489_d,zPosition
field_490_c,yPosition
field_491_b,yPosition
field_492_a,xPosition
field_493_e,metadata
field_494_d,type
field_495_c,zPosition
field_496_b,count
field_497_a,id
field_498_c,durability
field_499_b,xPosition
field_500_a,entityId
field_501_e,type
field_502_d,zPosition
field_503_c,yPosition
field_504_b,yPosition
field_505_a,xPosition
field_506_c,mode
field_507_a,entityId
field_508_b,xPosition
field_509_a,entityId
field_510_f,pitch
field_511_e,yaw
field_512_d,zPosition
field_513_c,yPosition
field_514_b,yPosition
field_515_a,xPosition
field_516_c,zPosition
field_517_a,message
field_518_b,username
field_519_a,protocolVersion
field_520_c,password
field_521_b,animate
field_522_a,entityId
field_523_i,count
field_524_h,itemID
field_525_g,roll
field_526_f,pitch
field_527_e,rotation
field_528_d,zPosition
field_529_c,yPosition
field_530_b,xPosition
field_531_a,entityId
field_532_a,username
field_533_b,name
field_534_a,entityId
field_535_h,currentItem
field_536_g,pitch
field_537_f,rotation
field_538_e,zPosition
field_539_d,yPosition
field_540_c,xPosition
field_541_b,yPosition
field_542_a,xPosition
field_543_e,status
field_544_d,face
field_545_c,zPosition
field_546_b,type
field_547_a,entityId
field_548_g,pitch
field_549_f,yaw
field_550_e,zPosition
field_551_d,yPosition
field_552_c,xPosition
field_553_i,rotating
field_554_h,moving
field_555_g,onGround
field_556_f,pitch
field_557_e,yaw
field_558_d,stance
field_559_c,zPosition
field_560_b,yPosition
field_561_a,xPosition
field_562_b,id
field_563_a,unused
field_564_a,time
field_565_b,yPosition
field_566_a,xPosition
field_567_e,itemStack
field_568_d,direction
field_569_c,zPosition
field_570_b,itemID
field_571_a,entityID
field_572_b,yPosition
field_573_a,xPosition
field_574_h,chunkSize
field_575_g,chunk
field_576_f,zSize
field_577_e,ySize
field_578_d,xSize
field_579_c,zPosition
field_580_b,collectorEntityId
field_581_a,collectedEntityId
field_582_a,reason
field_583_i,ticksBeforeMusic
field_584_h,rand
field_585_g,loaded
field_586_f,options
field_587_e,latestSoundID
field_588_d,soundPoolMusic
field_589_c,soundPoolStreaming
field_590_b,soundPoolSounds
field_591_a,sndSystem
field_592_b,xPosition
field_593_a,clippingHelper
field_594_d,zPosition
field_595_c,yPosition
field_601_au,boundingBox
field_602_at,prevRotationPitch
field_603_as,prevRotationYaw
field_604_ar,rotationPitch
field_605_aq,rotationYaw
field_606_ap,motionZ
field_607_ao,motionY
field_608_an,motionX
field_609_am,posZ
field_610_al,posY
field_611_ak,posX
field_615_ag,worldObj
field_616_af,ridingEntity
field_617_ae,riddenByEntity
field_618_ad,preventEntitySpawning
field_619_ac,renderDistanceWeight
field_620_ab,entityId
field_621_aZ,addedToChunk
field_622_aY,cloakUrl
field_6234_b,mc
field_6235_a,mcCanvas
field_6236_c,mcThread
field_6275_Z,minecraftDir
field_6282_S,leftClickCounter
field_6283_R,ticksRan
field_6284_Q,downloadResourcesThread
field_6286_O,glCapabilities
field_6287_N,systemTime
field_6288_M,isRaining
field_6289_L,inGameHasFocus
field_6290_K,prevFrameTime
field_6291_J,isTakingScreenshot
field_6292_I,debug
field_6293_H,running
field_6297_D,mcDataDir
field_6298_C,texturePackList
field_6299_B,mouseHelper
field_6300_ab,joinPlayerCounter
field_6301_A,sndManager
field_6302_aa,mouseTicksRan
field_6304_y,gameSettings
field_6305_x,objectMouseOver
field_6307_v,skipRenderWorld
field_6308_u,ingameGUI
field_6309_t,loadMapIdParameter
field_6310_s,loadMapUserParameter
field_6312_q,loadingScreen
field_6313_p,currentScreen
field_6314_o,fontRenderer
field_6315_n,renderEngine
field_6316_m,isGamePaused
field_6317_l,hideQuitButton
field_6319_j,minecraftUri
field_632_aO,entityCollisionReduction
field_6320_i,session
field_6321_h,effectRenderer
field_6322_g,thePlayer
field_6323_f,renderGlobal
field_6324_e,theWorld
field_6325_d,displayHeight
field_6326_c,displayWidth
field_6327_b,playerController
field_6332_f,renderPassModel
field_6359_a,graphicsLevel
field_636_aK,lastTickPosZ
field_6363_a,localFlag
field_6364_b,vehicleEntityId
field_6365_a,entityId
field_6366_b,motionX
field_6367_a,entityId
field_6368_d,motionZ
field_6369_c,motionY
field_637_aJ,lastTickPosY
field_638_aI,lastTickPosX
field_6380_t,velocityZ
field_6381_s,velocityY
field_6382_r,velocityX
field_6383_q,fishPitch
field_6384_p,fishYaw
field_6385_o,fishZ
field_6386_n,fishY
field_6387_m,fishX
field_6388_l,fishPosRotationIncrements
field_643_aD,height
field_644_aC,width
field_6446_b,damageGuiPartialTime
field_6451_g,fontRenderer
field_6453_p,fileLocation
field_6454_o,refreshTimer
field_6455_n,field_6455_n
field_6456_m,field_6456_m
field_6457_l,field_6457_l
field_6458_j,field_6458_j
field_6459_i,field_6459_i
field_646_aA,isDead
field_6460_h,field_6460_h
field_6461_a,guiScreen
field_6462_l,splashText
field_6463_h,rand
field_6478_e,hasNoSky
field_6479_d,isHellWorld
field_6486_b,firstDescriptionLine
field_6487_a,texturePackFileName
field_6488_d,texturePackID
field_6489_c,secondDescriptionLine
field_6490_f,texturePackThumbnail
field_6491_e,texturePackName
field_6493_h,texturePackFile
field_6494_g,texturePackThumbnail
field_6495_f,texturePackName
field_6496_e,texturePackZipFile
field_6501_o,entityRenderMap
field_6502_q,field_6502_q
field_6503_n,color
field_6504_m,biomeName
field_6509_a,tileEntityRenderer
field_6511_f,allOSes
field_6512_e,unknown
field_6514_b,exception
field_6515_a,description
field_6517_m,specialRendererMap
field_6518_e,allCreatureTypes
field_6520_s,keyBindToggleFog
field_6521_r,keyBindChat
field_6522_B,optionsFile
field_6523_q,keyBindDrop
field_6524_j,skin
field_6525_f,field_6525_f
field_6527_k,texturePack
field_6528_b,textureMap
field_6529_a,foliageBuffer
field_6533_b,availableTexturePacks
field_6534_a,selectedTexturePack
field_6535_g,currentTexturePack
field_6536_f,texturePackDir
field_6537_e,mc
field_6538_d,field_6538_d
field_6539_c,defaultTexturePack
field_654_bc,chunkCoordZ
field_6540_a,grassBuffer
field_6541_a,instance
field_6542_d,mpPassParameter
field_6543_c,sessionId
field_6544_a,eligibleChunksForSpawning
field_656_bb,chunkCoordY
field_657_ba,chunkCoordX
field_658_n,interpPosZ
field_659_m,interpPosY
field_660_l,interpPosX
field_661_k,particleBlue
field_662_j,particleGreen
field_663_i,particleRed
field_664_h,particleGravity
field_665_g,particleScale
field_666_f,particleMaxAge
field_667_e,entityRiderYawDelta
field_668_d,particleTextureJitterY
field_669_c,particleTextureJitterX
field_670_b,particleIcon
field_671_a,smokeParticleScale
field_672_a,flameScale
field_673_a,reddustParticleScale
field_674_a,lavaParticleScale
field_675_a,entityToPickUp
field_676_r,yOffs
field_677_q,maxAge
field_678_p,age
field_679_o,entityPickingUp
field_680_i,ticksInAir
field_681_h,ticksInGround
field_682_g,shootingEntity
field_688_a,arrowShake
field_689_a,fuse
field_690_b,art
field_691_a,direction
field_695_c,tickCounter1
field_703_S,limbSwing
field_704_R,limbSwingAmount
field_705_Q,prevLimbSwingAmount
field_712_J,deathTime
field_715_G,hurtTime
field_734_o,prevRenderYawOffset
field_735_n,renderYawOffset
field_749_a,pathToEntity
field_750_g,hasAttacked
field_751_f,entityToAttack
field_752_b,field_752_b
field_753_a,field_753_a
field_754_i,timeUntilNextEgg
field_755_h,field_755_h
field_756_e,field_756_e
field_757_d,field_757_d
field_758_c,destPos
field_759_a,rideable
field_760_a,sheared
field_761_a,unusedBoolean
field_762_e,attackStrength
field_763_b,lastActiveTime
field_764_a,timeSinceIgnited
field_765_d,creeperState
field_766_c,fuseTime
field_767_b,prevSquishFactor
field_768_a,squishFactor
field_769_d,slimeJumpDelay
field_770_c,slimeSize
field_771_i,username
field_774_f,cameraYaw
field_775_e,prevCameraYaw
field_778_b,inventory
field_780_bk,otherPlayerMPYaw
field_781_a,damageRemainder
field_782_bj,otherPlayerMPZ
field_783_bi,otherPlayerMPY
field_784_bh,otherPlayerMPX
field_785_bg,otherPlayerMPPosRotationIncrements
field_786_bl,otherPlayerMPPitch
field_787_a,movementInput
field_788_bg,mc
field_797_bg,sendQueue
field_798_b,fallTime
field_799_a,blockID
field_800_b,age
field_801_a,item
field_802_f,health
field_803_e,field_803_e
field_804_d,hoverStart
field_805_c,delayBeforeCanPickup
field_806_b,boatTimeSinceHit
field_807_a,boatCurrentDamage
field_808_c,boatRockDirection
field_809_i,ticksInAirSnowball
field_810_h,ticksInGroundSnowball
field_811_g,thrower
field_812_f,inGroundSnowball
field_813_e,inTileSnowball
field_814_d,zTileSnowball
field_815_c,yTileSnowball
field_816_b,xTileSnowball
field_817_a,shakeSnowball
field_818_a,stackResult
field_819_b,classToNameMap
field_820_a,nameToClassMap
field_821_h,zCoord
field_822_g,yCoord
field_823_f,xCoord
field_824_e,worldObj
field_825_b,lineBeingEdited
field_826_a,signText
field_827_a,chestContents
field_828_b,mobID
field_829_a,delay
field_830_d,yaw2
field_831_c,yaw
field_832_b,furnaceBurnTime
field_833_a,furnaceItemStacks
field_834_d,furnaceCookTime
field_835_c,currentItemBurnTime
field_836_b,upperChest
field_837_a,name
field_838_c,lowerChest
field_839_b,nbrSlots
field_840_a,stackList
field_841_c,eventHandler
field_842_b,armorInventory
field_843_a,mainInventory
field_844_g,player
field_845_f,inventoryChanged
field_846_e,draggingItemStack
field_847_d,currentItem
field_848_c,craftingInventory
field_855_j,matrix
field_856_i,isInReverse
field_857_h,cargoItems
field_861_d,entityRiderPitchDelta
field_862_c,firstUpdate
field_863_b,nextStepDistance
field_864_a,nextEntityID
field_866_b,numberOfBlocks
field_867_a,clayBlockId
field_868_o,leafNodes
field_869_n,leafDistanceLimit
field_870_m,heightLimitLimit
field_871_l,trunkSize
field_872_k,leafDensity
field_873_j,scaleWidth
field_874_i,branchSlope
field_875_h,branchDensity
field_876_g,heightAttenuation
field_877_f,height
field_878_e,heightLimit
field_879_d,basePos
field_880_c,worldObj
field_881_b,rand
field_882_a,otherCoordPairs
field_883_b,numberOfBlocks
field_884_a,minableBlockId
field_885_a,plantBlockId
field_886_b,chunkMapping
field_887_a,blankChunk
field_888_d,worldObj
field_889_c,chunkListing
field_890_b,lastQueriedChunkZPos
field_891_a,lastQueriedChunkXPos
field_892_h,lastQueriedChunk
field_893_g,worldObj
field_894_f,chunks
field_895_e,chunkLoader
field_896_d,chunkProvider
field_897_c,blankChunk
field_898_b,chunks
field_899_a,field_899_a
field_900_d,chunkLoader
field_901_c,worldObj
field_902_u,caveGenerator
field_903_t,stoneNoise
field_904_s,gravelNoise
field_905_r,sandNoise
field_907_p,worldObj
field_908_o,noiseGen4
field_909_n,field_909_n
field_910_m,noiseGen3
field_911_l,noiseGen2
field_912_k,noiseGen1
field_913_j,rand
field_914_i,unusedIntArray32x32
field_920_c,mobSpawnerNoise
field_921_b,noiseGen6
field_922_a,noiseGen5
field_923_k,zLevel
field_9231_Y,textureLavaFX
field_9232_X,textureWaterFX
field_9233_W,serverPort
field_9234_V,serverName
field_9235_U,tempDisplayHeight
field_9236_T,tempDisplayWidth
field_9237_P,timer
field_9238_G,numRecordedFrameTimes
field_9239_F,tickTimes
field_9240_E,frameTimes
field_9241_z,mcApplet
field_9242_w,playerModelBiped
field_9243_r,entityRenderer
field_9244_k,mcCanvas
field_9246_c,shadowSize
field_9247_l,soundSandFootstep
field_9248_k,soundClothFootstep
field_9249_j,soundGlassFootstep
field_9250_i,soundMetalFootstep
field_9251_h,soundStoneFootstep
field_9252_g,soundGrassFootstep
field_9253_f,soundGravelFootstep
field_9254_e,soundWoodFootstep
field_9255_Z,pistonBase
field_9256_Y,deadBush
field_9257_X,tallGrass
field_9258_W,web
field_9259_V,pistonStickyBase
field_9260_U,railDetector
field_9261_T,railPowered
field_9262_S,bed
field_9263_R,music
field_9264_Q,sandStone
field_9265_P,dispenser
field_9266_O,blockLapis
field_9267_N,oreLapis
field_9268_ac,pistonMoving
field_9269_aa,pistonExtension
field_9273_b,entityStatus
field_9274_a,entityId
field_9275_a,healthMP
field_9276_b,targetEntity
field_9277_a,playerEntityId
field_9278_c,isLeftClick
field_9283_av,prevPosZ
field_9284_au,prevPosY
field_9285_at,prevPosX
field_9286_aZ,stepHeight
field_9287_aY,ySize
field_9288_aU,fallDistance
field_9289_aT,entityWalks
field_929_e,chatMessageList
field_9290_aS,distanceWalkedModified
field_9291_aR,prevDistanceWalkedModified
field_9292_aO,yOffset
field_9293_aM,field_9293_aM
field_9294_aL,velocityChanged
field_9295_aK,isCollided
field_9296_aJ,isCollidedVertically
field_9297_aI,isCollidedHorizontally
field_9298_aH,onGround
field_9299_bv,field_9299_bv
field_930_d,itemRenderer
field_9300_bu,field_9300_bu
field_9301_bt,serverPosZ
field_9302_bs,serverPosY
field_9303_br,serverPosX
field_9304_bm,isImmuneToFire
field_9305_bk,air
field_9306_bj,hurtResistantTime
field_9307_bi,inWater
field_9308_bh,maxAir
field_9309_bg,fire
field_931_c,prevVignetteBrightness
field_9310_bf,fireResistance
field_9311_be,ticksExisted
field_9312_bd,rand
field_9313_bc,field_9313_bc
field_9314_ba,noClip
field_9315_g,inGround
field_9316_f,inTile
field_9317_e,zTile
field_9318_d,yTile
field_9319_c,xTile
field_9320_f,zPosition
field_9321_e,yPosition
field_9322_d,xPosition
field_9323_Z,newPosX
field_9324_Y,newPosRotationIncrements
field_9325_U,field_9325_U
field_9326_T,field_9326_T
field_9327_S,dead
field_9328_R,cameraPitch
field_9329_Q,prevCameraPitch
field_933_a,field_933_a
field_9330_P,attackTime
field_9331_N,attackedAtYaw
field_9332_M,maxHurtTime
field_9333_am,moveSpeed
field_9334_al,defaultPitch
field_9335_K,prevHealth
field_9336_ak,isJumping
field_9337_J,health
field_9338_aj,randomYawVelocity
field_9339_I,swingProgress
field_934_b,height
field_9340_ai,moveForward
field_9341_H,prevSwingProgress
field_9342_ah,moveStrafing
field_9343_G,isMultiplayerEntity
field_9344_ag,entityAge
field_9345_F,field_9345_F
field_9346_af,lastDamage
field_9347_E,scoreValue
field_9348_ae,field_9348_ae
field_9349_D,field_9349_D
field_935_a,width
field_9350_ad,newRotationPitch
field_9351_C,entityType
field_9352_ac,newRotationYaw
field_9353_B,field_9353_B
field_9354_ab,newPosZ
field_9355_A,field_9355_A
field_9356_aa,newPosY
field_9357_z,texture
field_9358_y,field_9358_y
field_9359_x,field_9359_x
field_936_h,drawButton
field_9360_w,field_9360_w
field_9361_v,field_9361_v
field_9362_u,field_9362_u
field_9363_r,field_9363_r
field_9364_q,field_9364_q
field_9365_p,field_9365_p
field_9366_o,maxHurtResistantTime
field_9368_k,swingProgressInt
field_9369_j,isSwinging
field_937_g,enabled
field_9370_g,score
field_9371_f,unusedByte
field_9373_b,field_9373_b
field_9374_bx,inPortal
field_9376_bB,oldPosZ
field_9377_bA,oldPosY
field_9378_bz,oldMinY
field_9379_by,oldPosX
field_938_f,id
field_9380_bx,inventoryUpdateTickCounter
field_9381_bG,wasSneaking
field_9382_bF,wasOnGround
field_9383_bE,field_9383_bE
field_9384_bD,oldRotationPitch
field_9385_bC,oldRotationYaw
field_9386_l,velocityZ
field_9387_k,velocityY
field_9388_j,velocityX
field_9389_i,boatPitch
field_939_e,displayString
field_9390_h,boatYaw
field_9391_g,boatZ
field_9392_f,boatY
field_9393_e,boatX
field_9394_d,boatPosRotationIncrements
field_9395_l,ticksInAir
field_9396_k,ticksAlive
field_9397_j,shootingEntity
field_9398_i,inGround
field_9399_h,inTile
field_940_d,yPosition
field_9400_g,zTile
field_9401_f,yTile
field_9402_e,xTile
field_9403_d,accelerationZ
field_9404_c,accelerationY
field_9405_b,accelerationX
field_9406_a,field_9406_a
field_9407_s,velocityZ
field_9408_r,velocityY
field_9409_q,velocityX
field_941_c,xPosition
field_9410_p,minecartPitch
field_9411_o,minecartYaw
field_9412_n,minecartZ
field_9413_m,minecartY
field_9414_l,minecartX
field_9415_k,turnProgress
field_9416_g,pushZ
field_9417_f,pushX
field_9418_e,fuel
field_9419_j,recordPlayingUpFor
field_942_l,idFloat
field_9420_i,recordPlaying
field_9421_h,updateCounter
field_9422_g,mc
field_9423_f,rand
field_9426_L,ambientTickCountdown
field_9427_K,activeChunkSet
field_9428_I,collidingBoundingBoxes
field_9429_y,lightingUpdatesScheduled
field_943_j,dragging
field_9430_x,findingSpawnPoint
field_9431_w,field_9431_w
field_9432_t,savePath
field_9433_s,worldFile
field_9434_r,worldAccesses
field_9435_j,autosavePeriod
field_9436_h,DIST_HASH_MAGIC
field_9437_g,updateLCG
field_9438_k,netClientHandler
field_9439_j,isHittingBlock
field_944_i,sliderValue
field_9440_i,blockHitDelay
field_9441_h,stepSoundTickCounter
field_9442_f,curBlockDamageMP
field_9443_e,currentblockZ
field_9444_d,currentBlockY
field_9445_c,currentBlockX
field_945_b,mc
field_9451_b,itemToRender
field_9452_d,prevEquippedProgress
field_9453_c,equippedProgress
field_946_a,selectedButton
field_948_f,allowUserInput
field_949_e,buttonList
field_950_d,height
field_951_c,width
field_952_a,clientHandler
field_953_h,cancelled
field_954_a,screenTitle
field_955_j,buttonId
field_956_i,options
field_957_h,parentScreen
field_958_a,parentScreen
field_959_i,selected
field_960_h,screenTitle
field_961_a,parentScreen
field_962_j,worldNumber
field_963_i,message2
field_964_h,message1
field_965_a,updateCounter
field_966_a,updateCounter2
field_967_h,updateCounter
field_968_a,parentScreen
field_969_i,serverAddress
field_970_h,updateCounter
field_971_a,xSize
field_972_j,itemRenderer
field_973_i,inventorySlots
field_974_h,ySize
field_975_m,ySize_lo
field_976_l,xSize_lo
field_977_j,field_977_j
field_978_j,furnaceInventory
field_979_j,field_979_j
field_980_m,inventoryRows
field_981_l,lowerChestInventory
field_982_j,upperChestInventory
field_983_a,netHandler
field_984_h,updateCounter
field_985_a,message
field_986_h,updateCounter
field_989_j,updateCounter
field_990_i,logoEffects
field_992_a,errorMessage
field_993_h,errorDetail
field_994_a,screenTitle
field_995_i,options
field_996_h,parentScreen
field_997_a,message1
field_998_h,message2
field_999_a,screenTitle
